<?xml version="1.0" encoding="UTF-8"?>
<project-private xmlns="http://www.netbeans.org/ns/project-private/1">
    <editor-bookmarks xmlns="http://www.netbeans.org/ns/editor-bookmarks/2" lastBookmarkId="0"/>
    <open-files xmlns="http://www.netbeans.org/ns/projectui-open-files/2">
        <group>
            <file>file:/home/david/Desktop/David/universidad/Segundo%20semestre/Programacion%20orientada%20a%20objetos/Actividad%20-%20POO/Actividad%202%20-%20POO/14-EMPRESAS/src/co/edu/ude/poo/empresas/modelo/entidades/Empresa.java</file>
            <file>file:/home/david/Desktop/David/universidad/Segundo%20semestre/Programacion%20orientada%20a%20objetos/Actividad%20-%20POO/Actividad%202%20-%20POO/14-EMPRESAS/src/co/edu/ude/poo/empresas/modelo/entidades/Pais.java</file>
            <file>file:/home/david/Desktop/David/universidad/Segundo%20semestre/Programacion%20orientada%20a%20objetos/Actividad%20-%20POO/Actividad%202%20-%20POO/14-EMPRESAS/src/co/edu/ude/poo/empresas/Principal.java</file>
            <file>file:/home/david/Desktop/David/universidad/Segundo%20semestre/Programacion%20orientada%20a%20objetos/Actividad%20-%20POO/Actividad%202%20-%20POO/14-EMPRESAS/src/co/edu/ude/poo/empresas/modelo/entidades/Captacion.java</file>
            <file>file:/home/david/Desktop/David/universidad/Segundo%20semestre/Programacion%20orientada%20a%20objetos/Actividad%20-%20POO/Actividad%202%20-%20POO/14-EMPRESAS/src/co/edu/ude/poo/empresas/modelo/entidades/Vendedor.java</file>
            <file>file:/home/david/Desktop/David/universidad/Segundo%20semestre/Programacion%20orientada%20a%20objetos/Actividad%20-%20POO/Actividad%202%20-%20POO/14-EMPRESAS/src/co/edu/ude/poo/empresas/modelo/entidades/Holding.java</file>
            <file>file:/home/david/Desktop/David/universidad/Segundo%20semestre/Programacion%20orientada%20a%20objetos/Actividad%20-%20POO/Actividad%202%20-%20POO/14-EMPRESAS/src/co/edu/ude/poo/empresas/modelo/entidades/Sede.java</file>
            <file>file:/home/david/Desktop/David/universidad/Segundo%20semestre/Programacion%20orientada%20a%20objetos/Actividad%20-%20POO/Actividad%202%20-%20POO/14-EMPRESAS/src/co/edu/ude/poo/empresas/modelo/entidades/Asesor.java</file>
            <file>file:/home/david/Desktop/David/universidad/Segundo%20semestre/Programacion%20orientada%20a%20objetos/Actividad%20-%20POO/Actividad%202%20-%20POO/14-EMPRESAS/src/co/edu/ude/poo/empresas/modelo/entidades/Area.java</file>
        </group>
    </open-files>
</project-private>
