<?xml version="1.0" encoding="UTF-8"?>
<project-private xmlns="http://www.netbeans.org/ns/project-private/1">
    <editor-bookmarks xmlns="http://www.netbeans.org/ns/editor-bookmarks/2" lastBookmarkId="0"/>
    <open-files xmlns="http://www.netbeans.org/ns/projectui-open-files/2">
        <group>
            <file>file:/C:/Users/PC/Documents/NetBeansProjects/Actividad_U3/src/ejercicio_2.java</file>
            <file>file:/C:/Users/PC/Documents/NetBeansProjects/Actividad_U3/src/ejercicio_7.java</file>
            <file>file:/C:/Users/PC/Documents/NetBeansProjects/Actividad_U3/src/ejercicio_1.java</file>
            <file>file:/C:/Users/PC/Documents/NetBeansProjects/Actividad_U3/src/ejercicio_5.java</file>
            <file>file:/C:/Users/PC/Documents/NetBeansProjects/Actividad_U3/src/Ejercicio_8.java</file>
            <file>file:/C:/Users/PC/Documents/NetBeansProjects/Actividad_U3/src/ejercicio_3.java</file>
            <file>file:/C:/Users/PC/Documents/NetBeansProjects/Actividad_U3/src/ejercicio_6.java</file>
            <file>file:/C:/Users/PC/Documents/NetBeansProjects/Actividad_U3/src/ejercicio_9.java</file>
            <file>file:/C:/Users/PC/Documents/NetBeansProjects/Actividad_U3/src/ejercicio_10.java</file>
            <file>file:/C:/Users/PC/Documents/NetBeansProjects/Actividad_U3/src/ejercicio_4.java</file>
        </group>
    </open-files>
</project-private>
