<?xml version="1.0" encoding="UTF-8"?>
<project-private xmlns="http://www.netbeans.org/ns/project-private/1">
    <editor-bookmarks xmlns="http://www.netbeans.org/ns/editor-bookmarks/2" lastBookmarkId="0"/>
    <open-files xmlns="http://www.netbeans.org/ns/projectui-open-files/2">
        <group>
            <file>file:/C:/Users/PC/Documents/NetBeansProjects/actividad_U2/src/Ejercicio_1.java</file>
            <file>file:/C:/Users/PC/Documents/NetBeansProjects/actividad_U2/src/Ejercicio_3.java</file>
            <file>file:/C:/Users/PC/Documents/NetBeansProjects/actividad_U2/src/Ejercicio_7.java</file>
            <file>file:/C:/Users/PC/Documents/NetBeansProjects/actividad_U2/src/Ejercicio_4.java</file>
            <file>file:/C:/Users/PC/Documents/NetBeansProjects/actividad_U2/src/Ejercicio_5.java</file>
            <file>file:/C:/Users/PC/Documents/NetBeansProjects/actividad_U2/src/Ejercicio_2.java</file>
            <file>file:/C:/Users/PC/Documents/NetBeansProjects/actividad_U2/src/Ejercicio_6.java</file>
        </group>
    </open-files>
</project-private>
